Ana Silva,ana.silva@example.com,4500.00
Bruno Santos,bruno.santos@example.com,3200.50
Carlos Oliveira,carlos.oliveira@example.com,7100.00
Daniela Souza,daniela.souza@example.com,5800.00
Eduardo Costa,eduardo.costa@example.com,4200.00
Fernanda Lima,fernanda.lima@example.com,9500.00
Gabriel Pereira,gabriel.pereira@example.com,3100.00
Helena Rodrigues,helena.rodrigues@example.com,6300.00
Igor Almeida,igor.almeida@example.com,4800.00
Juliana Ferreira,juliana.ferreira@example.com,5500.00
Kevin Ribeiro,kevin.ribeiro@example.com,3900.00
Larissa Carvalho,larissa.carvalho@example.com,7200.00
Marcos Gomes,marcos.gomes@example.com,8400.00
Natália Martins,natalia.martins@example.com,4100.00
Otávio Araújo,otavio.araujo@example.com,5900.00
Patrícia Barbosa,patricia.barbosa@example.com,6700.00
Ricardo Melo,ricardo.melo@example.com,5200.00
Sabrina Pinto,sabrina.pinto@example.com,3600.00
Tiago Rocha,tiago.rocha@example.com,4900.00
Ursula Castro,ursula.castro@example.com,8100.00
Vitor Cardoso,vitor.cardoso@example.com,4300.00
Wanessa Cavalcanti,wanessa.cavalcanti@example.com,6000.00
Xavier Dias,xavier.dias@example.com,5700.00
Yago Machado,yago.machado@example.com,3400.00
Zeca Fernandes,zeca.fernandes@example.com,4600.00
Alice Mendes,alice.mendes@example.com,7800.00
Beto Correia,beto.correia@example.com,5100.00
Camila Borges,camila.borges@example.com,4000.00
Diego Moreira,diego.moreira@example.com,6900.00
Elaine Vieira,elaine.vieira@example.com,5300.00
Fabio Ramos,fabio.ramos@example.com,4700.00
Gisele Teixeira,gisele.teixeira@example.com,8200.00
Hugo Nascimento,hugo.nascimento@example.com,3800.00
Isabela Freitas,isabela.freitas@example.com,6100.00
Joao Peixoto,joao.peixoto@example.com,5500.00
Karen Cunha,karen.cunha@example.com,4400.00
Leonardo Lopes,leonardo.lopes@example.com,9000.00
Mariana Rezende,mariana.rezende@example.com,3300.00
Nuno Farias,nuno.farias@example.com,5000.00
Olivia Guimarães,olivia.guimaraes@example.com,7500.00
Paulo Bernardes,paulo.bernardes@example.com,6400.00
Quenia Neves,quenia.neves@example.com,4200.00
Rafael Braga,rafael.braga@example.com,5600.00
Sonia Viana,sonia.viana@example.com,3900.00
Tarcisio Moura,tarcisio.moura@example.com,8700.00
Uriel Fontes,uriel.fontes@example.com,5200.00
Valeria Campos,valeria.campos@example.com,4600.00
Wagner Luz,wagner.luz@example.com,6800.00
Yara Tavares,yara.tavares@example.com,5900.00
Zuleica Sales,zuleica.sales@example.com,4100.00
Andreia Assis,andreia.assis@example.com,7300.00
Bernardo Porto,bernardo.porto@example.com,3500.00
Catarina Caldeira,catarina.caldeira@example.com,6200.00
Douglas Marinho,douglas.marinho@example.com,5400.00
Ester Hipolito,ester.hipolito@example.com,4800.00
Filipe Sobral,filipe.sobral@example.com,8900.00
Glaucia Batistas,glaucia.batista@example.com,3700.00
Heitor Dorneles,heitor.dorneles@example.com,5100.00
Iara Duarte,iara.duarte@example.com,6600.00
Jonas Medeiros,jonas.medeiros@example.com,4500.00
Katia Antunes,katia.antunes@example.com,7700.00
Lucas Padilha,lucas.padilha@example.com,4300.00
Manuela Paiva,manuela.paiva@example.com,5800.00
Nelson Xavier,nelson.xavier@example.com,3200.00
Ofelia Vargas,ofelia.vargas@example.com,9100.00
Pedro Valente,pedro.valente@example.com,5000.00
Queila Miranda,queila.miranda@example.com,4400.00
Ronaldo Bezerra,ronaldo.bezerra@example.com,6300.00
Simone Galvão,simone.galvao@example.com,5200.00
Thales Menezes,thales.menezes@example.com,3900.00
Ubaldo Silveira,ubaldo.silveira@example.com,7400.00
Vera Lúcia,vera.lucia@example.com,4700.00
Wilson Figueiredo,wilson.figueiredo@example.com,5600.00
Yasmim Jordao,yasmim.jordao@example.com,3100.00
Zilda Matos,zilda.matos@example.com,8300.00
Arthur Monteiro,arthur.monteiro@example.com,5500.00
Beatriz Bueno,beatriz.bueno@example.com,4100.00
Caio Prado,caio.prado@example.com,6700.00
Dora Meireles,dora.meireles@example.com,5900.00
Emanuel Santiago,emanuel.santiago@example.com,4200.00
Flavia Amaral,flavia.amaral@example.com,7600.00
Gilberto Nobre,gilberto.nobre@example.com,3800.00
Hilda Arruda,hilda.arruda@example.com,5200.00
Isaac Pompeu,isaac.pompeu@example.com,6000.00
Joana Malta,joana.malta@example.com,4900.00
Karina Leal,karina.leal@example.com,8500.00
Luiz Basto,luiz.basto@example.com,3600.00
Marta Simoes,marta.simoes@example.com,5300.00
Nicolas Queiroz,nicolas.queiroz@example.com,7000.00
Olivia Dantas,olivia.dantas@example.com,4500.00
Plinio Correa,plinio.correa@example.com,5700.00
Raquel Guerra,raquel.guerra@example.com,3400.00
Samuel Toledo,samuel.toledo@example.com,9200.00
Tatiana Vila,tatiana.vila@example.com,4800.00
Ulisses Franco,ulisses.franco@example.com,6100.00
Vanessa Junqueira,vanessa.junqueira@example.com,5500.00
Walter Abrantes,walter.abrantes@example.com,4300.00
Yuri Beltrão,yuri.beltrao@example.com,7900.00
Zuleide Paes,zuleide.paes@example.com,3900.00
Alanis Veras,alanis.veras@example.com,5100.00